Title,Channel,Views,Likes,No_Comments
Dr. Dre - Still D.R.E. ft. Snoop Dogg,DrDreVEVO,1252518161,9761529,295818
"Dr. Dre - The Next Episode (Official Music Video) ft. Snoop Dogg, Kurupt, Nate Dogg",DrDreVEVO,632087455,5681862,137975
"Dr. Dre, Snoop Dogg, Eminem, Mary J. Blige, Kendrick Lamar & 50 Cent FULL Pepsi SB LVI Halftime Show",NFL,177355407,3650082,185973
"Snoop Dogg, Eminem, Dr. Dre - Back In The Game ft. DMX, Eve, Jadakiss, Ice Cube, Method Man, The Lox",Long Beach Finest,50489692,1073894,21253
"Dr. Dre - I Need A Doctor (Explicit) ft. Eminem, Skylar Grey",DrDreVEVO,485221489,2973519,240224
"Dr Dre - Nuthin' But A ""G"" Thang [Official Music Video]",Dr. Dre,1334212,28483,732
"Eminem, Dr. Dre - Forgot About Dre (Explicit) (Official Music Video) ft. Hittman",DrDreVEVO,205083674,1528480,53724
Dr. Dre - Still D.R.E. (Lyrics) ft. Snoop Dogg,Vibe Music,524148,6567,205
"Dr. Dre, Snoop Dogg, Ice Cube - Back In The Game ft. Eminem, Eve, Jadakiss, Method Man, The Lox, DMX",FreeTuneHub,168,6,0
"Dr. Dre - Still D.R.E. (Remix) ft. Snoop Dogg, 2Pac, Eminem, 50 Cent, Eazy E, Method Man, BIG L",RapMusicHD,58602589,395464,3869
"Dr. Dre - Kush ft. Snoop Dogg, Akon",DrDreVEVO,195403184,973715,61220
Dr. Dre - Still D.R.E. ft. Snoop Dogg (Bruno Be & Lazy Bear Remix) (Bass Boosted),CAR BASS MUSIC,65437474,664853,4505
Dr. Dre - Gospel (with Eminem) [Official Audio],Dr. Dre,8336526,192480,7350
Dr. Dre - Keep Their Heads Ringin' (Official Video) [Explicit],UPROXX Video,8240867,89115,2261
"Dr. Dre, Snoop Dogg, Ice Cube - Back In The Game ft. Eminem, Eve, Jadakiss, Method Man, The Lox, DMX",100% Hip Hop,3206711,78608,2121
Dr. Dre feat. Snoop Dogg - Still Dre (Lyrics),Rmerri52,37038088,270758,10983
Dr Dre Best Songs - Dr Dre Greatest Hits Full Album 2022 - Album Playlist Best Songs 2022,#90'S HIP HOP MIX üé∂,88673,778,24
Dr Dre Still D R E Remix Ft Snoop Dogg 2Pac Eminem 50 Cent Eazy E Method Man Big L,PONDEX,14390073,121194,1183
Dr. Dre - Still Dre (Piano Solo),Lionel Yu Performances,20914720,396668,6303
Keep Their Heads Ringin',Dr. Dre - Topic,4668312,60867,242
"Snoop Dogg, Eminem, Dr. Dre - Fly High ft. DMX, Ice Cube, WC, Xzibit, B-Real, Method Man | 2023",Long Beach Finest,6196310,134796,2765
Dr. Dre - Lil' Ghetto Boy [Official Music Video],Dr. Dre,432735,21063,1278
Dre Day by Dr. Dre ft. Snoop Dogg | Interscope,Interscope Records,18176072,152063,9762
DR. DRE Wins the Global Impact Award | 2023 GRAMMYs,Recording Academy / GRAMMYs,2509765,37181,2091
2Pac - California Love feat. Dr. Dre (Dirty) (Music Video) HD,Seven Hip-Hop,62895406,612851,9897
Dr. Dre - Still D.R.E. (feat. Snoop Dogg),The Real G Music TV,9682979,59738,1382
Dr. Dre - The Next Episode (San Holo Remix),Trap Nation,262229926,2758188,123752
"Dr. Dre - ETA (with Snoop Dogg, Busta Rhymes & Anderson .Paak) [Official Audio]",Dr. Dre,2541295,64901,1950
What's The Difference,Dr. Dre - Topic,57126456,566944,1802
50 Cent - In Da Club (Official Music Video),50CentVEVO,1712699321,10658297,299110
"Dr. Dre - What's The Difference Remix ft. Method Man, 2Pac, Snoop Dogg, Eminem, Eazy E, Busta Rhymes",Hook music,1150102,15979,73
Keep Their Heads Ringin',Dr. Dre - Topic,46949118,550790,1405
Dr. Dre - Still D.R.E. ft. snoop dogg (SkennyBeatz Remix) LONG VERSION,Relaxed.,629870,7376,209
The Message,Dr. Dre - Topic,6695646,79039,58
Eminem - Without Me (Official Music Video),EminemVEVO,1617218517,11672853,342535
Eminem getting trolled by Dr. Dre üòÇ,HipHopOfThe90s,503034,32817,220
Dr. Dre - Waiting For Detox Vol. 2 (Full Album) (2021) + Original MP3 Download,ALL4HIPHOP Ver. 2,2293461,30455,988
Dr Dre Best Songs - Dr Dre Greatest Hits Full Album 2022 - Album Playlist Best Songs 2022,#90'S HIP HOP MIX üé∂,227640,2292,53
"Dr.Dre - Nuthin' but a ""G"" Thang",chiefshawn,9027324,81933,1517
Dr Dre - Still | Jugo Style | ( SkennyBeatz Freestyle),SkennyBeatz Official,41191425,602516,23003
Eminem Thanks Dr.Dre‚ù§Ô∏è‚Äçü©π #shorts,Rapleaks 100,76471,7038,66
The Message,Dr. Dre - Topic,18358097,182210,353
Dr. Dre. - Xxplosive  (ORIGINAL),B√ñSER KAISER,2321191,30270,215
The Watcher,Dr. Dre - Topic,16082336,174947,579
Snoop Dogg and Dr. Dreüëë,Oldschoolvibesforlife,208386,10266,70
Dr.Dre Talkin About Eminem‚Äôs Lyrics üòÇ #shorts,Rapleaks 100,1430903,79046,365
Dr Dre- Still Dre instrumental,DanielC,24011111,267211,9297
"2Pac, Pop Smoke - Write This Down ft. Biggie, DMX, Eazy E, Ice Cube, Dr Dre, NWA, Nipsey, Snoop Dogg",Thug Theory,74782146,1158209,11684
"Blackstreet - No Diggity (Official Music Video) ft. Dr. Dre, Queen Pen",BlackstreetVEVO,328276740,1922245,34433
Dr. Dre - Nuthin' but a 'G' Thang,Music,8172368,67212,454
